{"MoveProb": {"('legudeild', 'Ungur')": [0.0, 0.028, 0.199, 0.0, 0.0, 0.0, 0.04, 0.448, 0.285], "('dagdeildarlota', 'Ungur')": [0.211, 0.0, 0.0, 0.0, 0.0, 0.0, 0.0, 0.789, 0.0], "('g\u00f6ngudeildarlota', 'Ungur')": [0.035, 0.0, 0.0, 0.0, 0.0, 0.0, 0.0, 0.965, 0.0], "('br\u00e1\u00f0am\u00f3ttaka', 'Ungur')": [0.126, 0.0, 0.0, 0.0, 0.0, 0.0, 0.0, 0.874, 0.0], "('heilsug\u00e6sla', 'Ungur')": [0.0, 0.00438, 0.0173, 0.0, 0.0, 0.0, 0.0, 0.88932, 0.089], "('hj\u00fakrun', 'Ungur')": [0.0, 0.0, 0.0, 0.0, 0.0, 1.0, 0.0, 0.0, 0.0], "('dau\u00f0i', 'Ungur')": [0.0, 0.0, 0.0, 0.0, 0.0, 0.0, 1.0, 0.0, 0.0], "('heim', 'Ungur')": [0.0, 0.0, 0.0, 0.0, 0.0, 0.0, 0.0, 1.0, 0.0], "('einkageiri', 'Ungur')": [0.0, 0.0, 0.0, 0.0, 0.0, 0.0, 0.0, 0.0, 1.0], "('legudeild', 'Mi\u00f0aldra')": [0.0, 0.033, 0.313, 0.0, 0.0, 0.0019, 0.04, 0.5087, 0.1034], "('dagdeildarlota', 'Mi\u00f0aldra')": [0.174, 0.0, 0.0, 0.0, 0.0, 0.0, 0.0, 0.826, 0.0], "('g\u00f6ngudeildarlota', 'Mi\u00f0aldra')": [0.03, 0.0, 0.0, 0.0, 0.0, 0.0, 0.0, 0.97, 0.0], "('br\u00e1\u00f0am\u00f3ttaka', 'Mi\u00f0aldra')": [0.196, 0.0, 0.0, 0.0, 0.0, 0.0, 0.0, 0.804, 0.0], "('heilsug\u00e6sla', 'Mi\u00f0aldra')": [0.0, 0.00794, 0.0138, 0.0, 0.0, 0.0, 0.0, 0.88926, 0.089], "('hj\u00fakrun', 'Mi\u00f0aldra')": [0.0, 0.0, 0.0, 0.0, 0.0, 1.0, 0.0, 0.0, 0.0], "('dau\u00f0i', 'Mi\u00f0aldra')": [0.0, 0.0, 0.0, 0.0, 0.0, 0.0, 1.0, 0.0, 0.0], "('heim', 'Mi\u00f0aldra')": [0.0, 0.0, 0.0, 0.0, 0.0, 0.0, 0.0, 1.0, 0.0], "('einkageiri', 'Mi\u00f0aldra')": [0.0, 0.0, 0.0, 0.0, 0.0, 0.0, 0.0, 0.0, 1.0], "('legudeild', 'Gamall')": [0.0, 0.014, 0.178, 0.0, 0.0, 0.168, 0.04, 0.479, 0.121], "('dagdeildarlota', 'Gamall')": [0.234, 0.0, 0.0, 0.0, 0.0, 0.0, 0.0, 0.766, 0.0], "('g\u00f6ngudeildarlota', 'Gamall')": [0.043, 0.0, 0.0, 0.0, 0.0, 0.0, 0.0, 0.957, 0.0], "('br\u00e1\u00f0am\u00f3ttaka', 'Gamall')": [0.394, 0.0, 0.0, 0.0, 0.0, 0.0, 0.0, 0.606, 0.0], "('heilsug\u00e6sla', 'Gamall')": [0.0, 0.0083, 0.0134, 0.0, 0.0, 0.0, 0.0, 0.8893, 0.089], "('hj\u00fakrun', 'Gamall')": [0.0, 0.0, 0.0, 0.0, 0.0, 1.0, 0.0, 0.0, 0.0], "('dau\u00f0i', 'Gamall')": [0.0, 0.0, 0.0, 0.0, 0.0, 0.0, 1.0, 0.0, 0.0], "('heim', 'Gamall')": [0.0, 0.0, 0.0, 0.0, 0.0, 0.0, 0.0, 1.0, 0.0], "('einkageiri', 'Gamall')": [0.0, 0.0, 0.0, 0.0, 0.0, 0.0, 0.0, 0.0, 1.0]}, "Deildaskipti": {"('legudeild', 'dagdeildarlota')": 0, "('legudeild', 'g\u00f6ngudeildarlota')": 0, "('legudeild', 'hj\u00fakrun')": 0, "('legudeild', 'dau\u00f0i')": 0, "('legudeild', 'heim')": 0, "('legudeild', 'einkageiri')": 0, "('dagdeildarlota', 'legudeild')": 0, "('dagdeildarlota', 'heim')": 0, "('g\u00f6ngudeildarlota', 'legudeild')": 0, "('g\u00f6ngudeildarlota', 'heim')": 0, "('br\u00e1\u00f0am\u00f3ttaka', 'legudeild')": 0, "('br\u00e1\u00f0am\u00f3ttaka', 'heim')": 0, "('heilsug\u00e6sla', 'dagdeildarlota')": 0, "('heilsug\u00e6sla', 'g\u00f6ngudeildarlota')": 0, "('heilsug\u00e6sla', 'heim')": 0, "('heilsug\u00e6sla', 'einkageiri')": 0, "('hj\u00fakrun', 'hj\u00fakrun')": 0, "('dau\u00f0i', 'dau\u00f0i')": 0, "('heim', 'heim')": 0, "('einkageiri', 'einkageiri')": 0, "('hj\u00fakrun', 'br\u00e1\u00f0am\u00f3ttaka')": 0, "('heim', 'br\u00e1\u00f0am\u00f3ttaka')": 0, "('hj\u00fakrun', 'heilsug\u00e6sla')": 0, "('heim', 'heilsug\u00e6sla')": 0}, "JobDemand": {"('legudeild', 'L\u00e6knar')": [20, 3], "('legudeild', 'Hj\u00fakrunarfr\u00e6\u00f0ingar')": [20, 5], "('heilsug\u00e6sla', 'L\u00e6knar')": [10, 1], "('heilsug\u00e6sla', 'Hj\u00fakrunarfr\u00e6\u00f0ingar')": [5, 1], "('br\u00e1\u00f0am\u00f3ttaka', 'L\u00e6knar')": [10, 1], "('br\u00e1\u00f0am\u00f3ttaka', 'Hj\u00fakrunarfr\u00e6\u00f0ingar')": [1, 1]}, "PeriodDays": {"('Ungur', 'dagdeildarlota')": 84.28, "('Ungur', 'g\u00f6ngudeildarlota')": 87.0, "('Mi\u00f0aldra', 'dagdeildarlota')": 256.0, "('Mi\u00f0aldra', 'g\u00f6ngudeildarlota')": 79.0, "('Gamall', 'dagdeildarlota')": 293.0, "('Gamall', 'g\u00f6ngudeildarlota')": 89.0}, "PeriodStays": {"('Ungur', 'dagdeildarlota')": 2.72, "('Ungur', 'g\u00f6ngudeildarlota')": 3.93, "('Mi\u00f0aldra', 'dagdeildarlota')": 4.1, "('Mi\u00f0aldra', 'g\u00f6ngudeildarlota')": 4.09, "('Gamall', 'dagdeildarlota')": 4.28, "('Gamall', 'g\u00f6ngudeildarlota')": 3.99}}