{"MoveProb": {"('legudeild', 'Ungur')": [0.0, 0.028, 0.199, 0.0, 0.0, 0.0, 0.04, 0.448, 0.285], "('dagdeildarlota', 'Ungur')": [0.211, 0.0, 0.0, 0.0, 0.0, 0.0, 0.0, 0.789, 0.0], "('göngudeildarlota', 'Ungur')": [0.035, 0.0, 0.0, 0.0, 0.0, 0.0, 0.0, 0.965, 0.0], "('bráðamóttaka', 'Ungur')": [0.126, 0.0, 0.0, 0.0, 0.0, 0.0, 0.0, 0.874, 0.0], "('heilsugæsla', 'Ungur')": [0.0, 0.00438, 0.0173, 0.0, 0.0, 0.0, 0.0, 0.88932, 0.089], "('hjúkrun', 'Ungur')": [0.0, 0.0, 0.0, 0.0, 0.0, 1.0, 0.0, 0.0, 0.0], "('dauði', 'Ungur')": [0.0, 0.0, 0.0, 0.0, 0.0, 0.0, 1.0, 0.0, 0.0], "('heim', 'Ungur')": [0.0, 0.0, 0.0, 0.0, 0.0, 0.0, 0.0, 1.0, 0.0], "('einkageiri', 'Ungur')": [0.0, 0.0, 0.0, 0.0, 0.0, 0.0, 0.0, 0.0, 1.0], "('legudeild', 'Miðaldra')": [0.0, 0.033, 0.313, 0.0, 0.0, 0.0019, 0.04, 0.5087, 0.1034], "('dagdeildarlota', 'Miðaldra')": [0.174, 0.0, 0.0, 0.0, 0.0, 0.0, 0.0, 0.826, 0.0], "('göngudeildarlota', 'Miðaldra')": [0.03, 0.0, 0.0, 0.0, 0.0, 0.0, 0.0, 0.97, 0.0], "('bráðamóttaka', 'Miðaldra')": [0.196, 0.0, 0.0, 0.0, 0.0, 0.0, 0.0, 0.804, 0.0], "('heilsugæsla', 'Miðaldra')": [0.0, 0.00794, 0.0138, 0.0, 0.0, 0.0, 0.0, 0.88926, 0.089], "('hjúkrun', 'Miðaldra')": [0.0, 0.0, 0.0, 0.0, 0.0, 1.0, 0.0, 0.0, 0.0], "('dauði', 'Miðaldra')": [0.0, 0.0, 0.0, 0.0, 0.0, 0.0, 1.0, 0.0, 0.0], "('heim', 'Miðaldra')": [0.0, 0.0, 0.0, 0.0, 0.0, 0.0, 0.0, 1.0, 0.0], "('einkageiri', 'Miðaldra')": [0.0, 0.0, 0.0, 0.0, 0.0, 0.0, 0.0, 0.0, 1.0], "('legudeild', 'Gamall')": [0.0, 0.014, 0.178, 0.0, 0.0, 0.168, 0.04, 0.479, 0.121], "('dagdeildarlota', 'Gamall')": [0.234, 0.0, 0.0, 0.0, 0.0, 0.0, 0.0, 0.766, 0.0], "('göngudeildarlota', 'Gamall')": [0.043, 0.0, 0.0, 0.0, 0.0, 0.0, 0.0, 0.957, 0.0], "('bráðamóttaka', 'Gamall')": [0.394, 0.0, 0.0, 0.0, 0.0, 0.0, 0.0, 0.606, 0.0], "('heilsugæsla', 'Gamall')": [0.0, 0.0083, 0.0134, 0.0, 0.0, 0.0, 0.0, 0.8893, 0.089], "('hjúkrun', 'Gamall')": [0.0, 0.0, 0.0, 0.0, 0.0, 1.0, 0.0, 0.0, 0.0], "('dauði', 'Gamall')": [0.0, 0.0, 0.0, 0.0, 0.0, 0.0, 1.0, 0.0, 0.0], "('heim', 'Gamall')": [0.0, 0.0, 0.0, 0.0, 0.0, 0.0, 0.0, 1.0, 0.0], "('einkageiri', 'Gamall')": [0.0, 0.0, 0.0, 0.0, 0.0, 0.0, 0.0, 0.0, 1.0]}, "Deildaskipti": {"('legudeild', 'dagdeildarlota')": 0, "('legudeild', 'göngudeildarlota')": 0, "('legudeild', 'hjúkrun')": 0, "('legudeild', 'dauði')": 0, "('legudeild', 'heim')": 0, "('legudeild', 'einkageiri')": 0, "('dagdeildarlota', 'legudeild')": 0, "('dagdeildarlota', 'heim')": 0, "('göngudeildarlota', 'legudeild')": 0, "('göngudeildarlota', 'heim')": 0, "('bráðamóttaka', 'legudeild')": 0, "('bráðamóttaka', 'heim')": 0, "('heilsugæsla', 'dagdeildarlota')": 0, "('heilsugæsla', 'göngudeildarlota')": 0, "('heilsugæsla', 'heim')": 0, "('heilsugæsla', 'einkageiri')": 0, "('hjúkrun', 'hjúkrun')": 0, "('dauði', 'dauði')": 0, "('heim', 'heim')": 0, "('einkageiri', 'einkageiri')": 0, "('hjúkrun', 'bráðamóttaka')": 0, "('heim', 'bráðamóttaka')": 0, "('hjúkrun', 'heilsugæsla')": 0, "('heim', 'heilsugæsla')": 0}, "JobDemand": {"('legudeild', 'Læknar')": [20, 3], "('legudeild', 'Hjúkrunarfræðingar')": [20, 5], "('heilsugæsla', 'Læknar')": [10, 1], "('heilsugæsla', 'Hjúkrunarfræðingar')": [5, 1], "('bráðamóttaka', 'Læknar')": [10, 1], "('bráðamóttaka', 'Hjúkrunarfræðingar')": [1, 1]}, "PeriodDays": {"('Ungur', 'dagdeildarlota')": 84.28, "('Ungur', 'göngudeildarlota')": 87.0, "('Miðaldra', 'dagdeildarlota')": 256.0, "('Miðaldra', 'göngudeildarlota')": 79.0, "('Gamall', 'dagdeildarlota')": 293.0, "('Gamall', 'göngudeildarlota')": 89.0}, "PeriodStays": {"('Ungur', 'dagdeildarlota')": 2.72, "('Ungur', 'göngudeildarlota')": 3.93, "('Miðaldra', 'dagdeildarlota')": 4.1, "('Miðaldra', 'göngudeildarlota')": 4.09, "('Gamall', 'dagdeildarlota')": 4.28, "('Gamall', 'göngudeildarlota')": 3.99}}